Method,Venue,Year,Family,SupportRepresentation,Aggregation,QueryUsage,Pattern,Duplicate,Noise,QueryAdaptive,VariableShot,Permutation,RelationToResearch,Source,Status
PANet,ICCV 2019,2019,Prototype,Masked average prototype,Mean pooling,Prototype-query similarity,Partial,Unknown,Unknown,Partial,Unknown,Unknown,Global prototype baseline,TODO,Preliminary
PFENet,TPAMI/ArXiv,2020,Prototype,Prior-guided prototype,Prior-guided pooling,Feature enrichment and matching,Partial,Unknown,Unknown,Partial,Unknown,Unknown,Prototype refinement baseline,https://arxiv.org/abs/2008.01449,Preliminary
RePRI,NeurIPS,2021,Prototype,Refined prototype,Optimization/refinement,Query matching,Partial,Unknown,Unknown,Partial,Unknown,Unknown,Prototype refinement family,TODO,Preliminary
ASGNet,TODO,TODO,Multi-Prototype,Multiple allocated prototypes,Prototype allocation,Query matching,Yes,Unknown,Unknown,Partial,Unknown,Unknown,Closest family to future method,TODO,Preliminary
RPGM,TODO,TODO,Multi-Prototype,Multi-scale prototypes,Multi-scale aggregation,Query matching,Yes,Unknown,Unknown,Partial,Unknown,Unknown,Multi-scale pattern representation,TODO,Preliminary
HSNet,NeurIPS,2021,Pixel Matching,Hyper-correlation features,Dense correlation,Pixel-level matching,Partial,Unknown,Unknown,Yes,Unknown,Unknown,Spatial matching rather than set modeling,TODO,Preliminary
MM-Net,ICCV,2021,Memory,Meta-class prototype memory,Quality-weighted prototype,Prototype similarity/attention,Partial,Unknown,Unknown,Partial,Unknown,Unknown,Highest-risk boundary: quality-weighted prototype,https://arxiv.org/abs/2108.02958,Preliminary
Memory-Augmented Variational Adaptation,ICCVW,2023,Memory,K-means prototype memory,Memory update/retrieval,Online adaptation,Partial,Unknown,Related but different,Partial,Unknown,Unknown,Memory for online adaptation rather than explicit information filtering,https://openaccess.thecvf.com/content/ICCV2023W/VCL/html/Liu_Memory-Augmented_Variational_Adaptation_for_Online_Few-Shot_Segmentation_ICCVW_2023_paper.html,Preliminary
Cyclic Memory Network,ICCV,2021,Memory,Feature memory,Memory read/write,Similarity/attention,Partial,Unknown,Related but different,Yes,Unknown,Unknown,Feature adaptation and retrieval,https://openaccess.thecvf.com/content/ICCV2021/html/Xie_Few-Shot_Semantic_Segmentation_With_Cyclic_Memory_Network_ICCV_2021_paper.html,Preliminary
